ItemID,ItemNumber,ItemName,Variation1Group,Variation1Description,Variation1Surcharge,Variation1SurchargeType,Variation1ItemNumberExtension,Variation2Group,Variation2Description,Variation2Surcharge,Variation2SurchargeType,Variation2ItemNumberExtension,Variation3Group,Variation3Description,Variation3Surcharge,Variation3SurchargeType,Variation3ItemNumberExtension
149,NF VER II,Nicky's® VER II,,,,,,,,,,,,,,,
152,NF VER II-PR,Nicky's® VER II-Printed,,,,,,,,,,,,,,,
153,NF COMM ENG,Nicky's® Com English,,,,,,,,,,,,,,,
154,NF Com Eng-with Your Imprint,Nicky's® Comm Engish with YOUR Imprint,,,,,,,,,,,,,,,
155,NF COMM SPAN,Nicky's® Com Spanish,,,,,,,,,,,,,,,
156,NF COMM SPAN-PR,Nicky's® Com Spanish with YOUR Imprint,,,,,,,,,,,,,,,
157,NF CPA FOLDER,Nicky's CPA folder Ver 10,,,,,,,,,,,,,,,
158,NF CPA FOLDER-PRINT,Nicky's CPA Folder 10 PRINTED,,,,,,,,,,,,,,,
161,#5001,Nicky's® Class Work Folder,,,,,,,,,,,,,,,
162,#5002,Nicky's® Homework Folder,,,,,,,,,,,,,,,
163,#8004,4 Pocket Nicky's® Folder,,,,,,,,,,,,,,,
164,#8006,6 Pocket Nicky's® Folder,,,,,,,,,,,,,,,
165,#8008,8 Pocket Nicky's® Folder,,,,,,,,,,,,,,,
171,10in1 CMB1,Color COMBO 1,,,,,,,,,,,,,,,
172,10in1 CMB2,Color COMBO 2,,,,,,,,,,,,,,,
173,10in1 CMB3,Color COMBO 3,,,,,,,,,,,,,,,
174,10in1 CMB4,Color COMBO 4,,,,,,,,,,,,,,,
175,"""It Is™"" CMB1","""It Is™"" Combo 1",,,,,,,,,,,,,,,
176,It Is™ CMB2,"""It Is™"" Combo 2",,,,,,,,,,,,,,,
177,"""It Is™"" CMB3","""It Is™""COMBO 3 ",,,,,,,,,,,,,,,
178,"""It Is™""CMB4","""It Is™""COMBO 4 ",,,,,,,,,,,,,,,
179,NF CPA FOLDER #11,Nicky's CPA folder Ver 11,,,,,,,,,,,,,,,
180,STB-222,STB-222,,,,,,,,,,,,,,,
181,STB-582,STB-582,,,,,,,,,,,,,,,
182,FOLD-OUT-2597,FOLD-OUT-2597,,,,,,,,,,,,,,,
189,Model-1000 Clear Vinyl Folder,MODEL-1000,,,,,,,,,,,,,,,
190,Auto Insurance Form Holder #INS-30,INSUR_HOLDER,,,,,,,,,,,,,,,
191,SEAL-IT Holders (1265-Pro),MISC_SEAL-IT,,,,,,,,,,,,,,,
192,PC-30 Economy,PC-30 Economy,,,,,,,,,,,,,,,
193,SL-3-264 Slide Holder,SL-3-264,,,,,,,,,,,,,,,
194,SL-3-108 Slide Holder,SL-3-108,,,,,,,,,,,,,,,
195,SL-3-182 Slide Holder,SL-3-182,,,,,,,,,,,,,,,
196,SL-3-6 Film Strip Holder,SL-3-6,,,,,,,,,,,,,,,
197,SL-3-12 35MM Slide Holder,SL-3-12 35MM,,,,,,,,,,,,,,,
198,SL-3-111 35MM Slide Holder,SL-3-111 35MM,,,,,,,,,,,,,,,
199,X-RAY 17- 4 Holder,X-RAY 17- 4,,,,,,,,,,,,,,,
200,6 pocket 40M Flim Strip Holder,40M,,,,,,,,,,,,,,,
201,20 Pocket 35M Slide holder,35M,,,,,,,,,,,,,,,
202,12 Pocket 18M Metal Slide Holder,18M,,,,,,,,,,,,,,,
203,28 Pocket 17M Slide Holder,17M,,,,,,,,,,,,,,,
206,STB-2876 PC Media Holders,STB_2876,,,,,,,,,,,,,,,
207,#1248-CD Media Holders,CD_1248,,,,,,,,,,,,,,,
208,#2266-CD Media Holders,CD_2266,,,,,,,,,,,,,,,
209,STB-3144 PC Media Holders,STB_3144,,,,,,,,,,,,,,,
210,STB-3098-CD Media Holders,STB_3098_CD,,,,,,,,,,,,,,,
211,STB-2012-CD Media Holders,STB_2012_CD,,,,,,,,,,,,,,,
212,#1944-CD Media Holders,CD_1944,,,,,,,,,,,,,,,
215,STB-2011 PC Media Holders,STB_2011,,,,,,,,,,,,,,,
217,SP-808,SP-808,,,,,,,,,,,,,,,
218,SP-809,SP-809,,,,,,,,,,,,,,,
219,SP-811,SP-811,,,,,,,,,,,,,,,
220,SP-812,SP-812,,,,,,,,,,,,,,,
221,SP-814,SP-814,,,,,,,,,,,,,,,
233,PT-2183,PT-2183,,,,,,,,,,,,,,,
234,PT-845,PT-845,,,,,,,,,,,,,,,
235,PT-840,PT-840,,,,,,,,,,,,,,,
236,PT-2120,PT-2120,,,,,,,,,,,,,,,
237,PT-510,PT-510,,,,,,,,,,,,,,,
238,PT-2244,PT-2244,,,,,,,,,,,,,,,
239,PT-600,PT-600,,,,,,,,,,,,,,,
240,PT-800,PT-800,,,,,,,,,,,,,,,
241,PT-650,PT-650,,,,,,,,,,,,,,,
242,PT-832,PT-832,,,,,,,,,,,,,,,
243,PT-900,PT-900,,,,,,,,,,,,,,,
244,PT-1262,PT-1262,,,,,,,,,,,,,,,
245,PT-1885,PT-1885,,,,,,,,,,,,,,,
246,PT-1221,PT-1221,,,,,,,,,,,,,,,
247,PT-1774,PT-1774,,,,,,,,,,,,,,,
248,PT-2662,PT-2662,,,,,,,,,,,,,,,
249,PT-1753,PT-1753,,,,,,,,,,,,,,,
250,PT-1692,PT-1692,,,,,,,,,,,,,,,
251,PT-1715,PT-1715,,,,,,,,,,,,,,,
252,PT-2429,PT-2429,,,,,,,,,,,,,,,
253,PT-654,PT-654,,,,,,,,,,,,,,,
254,PT-1459,PT-1459,,,,,,,,,,,,,,,
255,PT-2728,PT-2728,,,,,,,,,,,,,,,
256,PT-682,PT-682,,,,,,,,,,,,,,,
257,PT-656,PT-656,,,,,,,,,,,,,,,
258,PT-2385,PT-2385,,,,,,,,,,,,,,,
259,PT-1733,PT-1733,,,,,,,,,,,,,,,
260,PT-1323,PT-1323,,,,,,,,,,,,,,,
261,PT-1946,PT-1946,,,,,,,,,,,,,,,
262,PT-2356,PT-2356,,,,,,,,,,,,,,,
263,PT-1210,PT-1210,,,,,,,,,,,,,,,
264,PT-2315,PT-2315,,,,,,,,,,,,,,,
265,PT-2692,PT-2692,,,,,,,,,,,,,,,
266,PT-2666,PT-2666,,,,,,,,,,,,,,,
267,PT-2598,PT-2598,,,,,,,,,,,,,,,
268,PT-2376,PT-2376,,,,,,,,,,,,,,,
269,PT-1907,PT-1907,,,,,,,,,,,,,,,
270,PT-1751,PT-1751,,,,,,,,,,,,,,,
271,PT-1896,PT-1896,,,,,,,,,,,,,,,
272,PT-2609,PT-2609,,,,,,,,,,,,,,,
273,PT-1685,PT-1685,,,,,,,,,,,,,,,
274,PT-1879,PT-1879,,,,,,,,,,,,,,,
275,PT-1956,PT-1956,,,,,,,,,,,,,,,
276,PT-2061,PT-2061,,,,,,,,,,,,,,,
277,PT-2500,PT-2500,,,,,,,,,,,,,,,
278,PT-846,PT-846,,,,,,,,,,,,,,,
279,PT-1568,PT-1568,,,,,,,,,,,,,,,
280,PT-1214,PT-1214,,,,,,,,,,,,,,,
281,PT-1527,PT-1527,,,,,,,,,,,,,,,
282,PT-1200,PT-1200,,,,,,,,,,,,,,,
283,PT-2350,PT-2350,,,,,,,,,,,,,,,
284,PT-1690,PT-1690,,,,,,,,,,,,,,,
285,PT-2629,PT-2629,,,,,,,,,,,,,,,
286,PT-2762,PT-2762,,,,,,,,,,,,,,,
287,PT-644,PT-644,,,,,,,,,,,,,,,
288,PT-821,PT-821,,,,,,,,,,,,,,,
289,PT-1236,PT-1236,,,,,,,,,,,,,,,
290,PT-1155,PT-1155,,,,,,,,,,,,,,,
291,PT-1225,PT-1225,,,,,,,,,,,,,,,
292,PT-2661,PT-2661,,,,,,,,,,,,,,,
293,PT-577,PT-577,,,,,,,,,,,,,,,
294,PT-1701,PT-1701,,,,,,,,,,,,,,,
295,PT-2303,PT-2303,,,,,,,,,,,,,,,
296,PT-2147,PT-2147,,,,,,,,,,,,,,,
297,PT-763,PT-763,,,,,,,,,,,,,,,
298,PT-1408,PT-1408,,,,,,,,,,,,,,,
299,PT-1437,PT-1437,,,,,,,,,,,,,,,
300,PT-1770,PT-1770,,,,,,,,,,,,,,,
301,PT-2215,PT-2215,,,,,,,,,,,,,,,
302,PT-1728,PT-1728,,,,,,,,,,,,,,,
303,PT-1272,PT-1272,,,,,,,,,,,,,,,
304,PT-2209,PT-2209,,,,,,,,,,,,,,,
305,PT-1741,PT-1741,,,,,,,,,,,,,,,
306,PT-903,PT-903,,,,,,,,,,,,,,,
307,PT-904,PT-904,,,,,,,,,,,,,,,
308,PT-902,PT-902,,,,,,,,,,,,,,,
309,PT-1038,PT-1038,,,,,,,,,,,,,,,
310,PT-394,PT-394,,,,,,,,,,,,,,,
311,PT-984,PT-984,,,,,,,,,,,,,,,
312,PT-390,PT-390,,,,,,,,,,,,,,,
313,PT-2478,PT-2478,,,,,,,,,,,,,,,
314,PT-687,PT-687,,,,,,,,,,,,,,,
315,PT-2579,PT-2579,,,,,,,,,,,,,,,
316,PT-1650,PT-1650,,,,,,,,,,,,,,,
317,PT-1869-A,PT-1869-A,,,,,,,,,,,,,,,
318,PT-1869-B,PT-1869-B,,,,,,,,,,,,,,,
319,PT-1869-C,PT-1869-C,,,,,,,,,,,,,,,
320,PT-1869-D,PT-1869-D,,,,,,,,,,,,,,,
321,PT-1869-E,PT-1869-E,,,,,,,,,,,,,,,
322,PT-1869-F,PT-1869-F,,,,,,,,,,,,,,,
323,PT-2734,PT-2734,,,,,,,,,,,,,,,
324,PT-1518,PT-1518,,,,,,,,,,,,,,,
325,PT-2176,PT-2176,,,,,,,,,,,,,,,
326,PT-2065,PT-2065,,,,,,,,,,,,,,,
327,PT-1513,PT-1513,,,,,,,,,,,,,,,
328,PT-1117,PT-1117,,,,,,,,,,,,,,,
329,PT-2127,PT-2127,,,,,,,,,,,,,,,
330,PT-1677,PT-1677,,,,,,,,,,,,,,,
331,PT-2681,PT-2681,,,,,,,,,,,,,,,
332,PT-2008,PT-2008,,,,,,,,,,,,,,,
333,PT-2029,PT-2029,,,,,,,,,,,,,,,
334,PT-396,PT-396,,,,,,,,,,,,,,,
335,PT-1122,PT-1122,,,,,,,,,,,,,,,
336,PT-1339,PT-1339,,,,,,,,,,,,,,,
337,PT-381,PT-381,,,,,,,,,,,,,,,
338,PT-1170,PT-1170,,,,,,,,,,,,,,,
339,PT-2453,PT-2453,,,,,,,,,,,,,,,
340,PT-555,PT-555,,,,,,,,,,,,,,,
341,PT-964,PT-964,,,,,,,,,,,,,,,
342,PT-792,PT-792,,,,,,,,,,,,,,,
343,PT-398,PT-398,,,,,,,,,,,,,,,
344,PT-1127,PT-1127,,,,,,,,,,,,,,,
345,PT-1998,PT-1998,,,,,,,,,,,,,,,
346,PT-1371,PT-1371,,,,,,,,,,,,,,,
347,PT-2481,PT-2481,,,,,,,,,,,,,,,
348,PT-1942,PT-1942,,,,,,,,,,,,,,,
349,PT-1185,PT-1185,,,,,,,,,,,,,,,
350,PT-700,PT-700,,,,,,,,,,,,,,,
351,PT-2379,PT-2379,,,,,,,,,,,,,,,
352,PT-1974,PT-1974,,,,,,,,,,,,,,,
353,PT-1648,PT-1648,,,,,,,,,,,,,,,
354,PT-1435,PT-1435,,,,,,,,,,,,,,,
355,PT-839,PT-839,,,,,,,,,,,,,,,
356,PT-2778,PT-2778,,,,,,,,,,,,,,,
357,PT-1959,PT-1959,,,,,,,,,,,,,,,
358,PT-499,PT-499,,,,,,,,,,,,,,,
359,PT-1927,PT-1927,,,,,,,,,,,,,,,
360,PT-2076,PT-2076,,,,,,,,,,,,,,,
361,PT-1881,PT-1881,,,,,,,,,,,,,,,
362,PT-1680,PT-1680,,,,,,,,,,,,,,,
363,PT-837,PT-837,,,,,,,,,,,,,,,
364,PT-958,PT-958,,,,,,,,,,,,,,,
365,PT-2424,PT-2424,,,,,,,,,,,,,,,
366,PT-2501,PT-2501,,,,,,,,,,,,,,,
367,PT-1821,PT-1821,,,,,,,,,,,,,,,
368,PT-2522,PT-2522,,,,,,,,,,,,,,,
369,PT-2711,PT-2711,,,,,,,,,,,,,,,
370,PT-1266,PT-1266,,,,,,,,,,,,,,,
371,NP-5000,NP_5000,,,,,,,,,,,,,,,
372,NP-5001,NP_5001,,,,,,,,,,,,,,,
373,NP-5002,NP_5002,,,,,,,,,,,,,,,
374,NP-5003,NP_5003,,,,,,,,,,,,,,,
375,RP-500,RP_500,,,,,,,,,,,,,,,
376,RP-6X8,RP_6X8,,,,,,,,,,,,,,,
377,Economy Pages Style M,ECO_M,,,,,,,,,,,,,,,
378,Economy Pages Style B,ECO_B,,,,,,,,,,,,,,,
379,Economy Pages Style G,ECO_G,,,,,,,,,,,,,,,
380,Economy Pages Style RS,ECO_RS,,,,,,,,,,,,,,,
381,Deluxe Photo Pages Style R,DELUX_R,,,,,,,,,,,,,,,
382,Deluxe Photo Pages Style X,DELUX_X,,,,,,,,,,,,,,,
383,Deluxe Photo Pages Style T,DELUX_T,,,,,,,,,,,,,,,
384,Deluxe Photo Pages Style K1,DELUX_K1,,,,,,,,,,,,,,,
397,Medical Marker (MM-990),MM-990,,,,,,,,,,,,,,,
398,Blood Bank Tag Holder (BB-139),BB-139,,,,,,,,,,,,,,,
399,SPORT-91000,SPORT-91000,,,,,,,,,,,,,,,
400,SPORT-95000,SPORT-95000,,,,,,,,,,,,,,,
401,SPORT-90090,SPORT-90090,,,,,,,,,,,,,,,
402,PP-2915 Standard,PP-2915 Standard,,,,,,,,,,,,,,,
403,PP-2915 Stamped,PP-2915 Stamped,,,,,,,,,,,,,,,
405,STB-2066,STB-2066,,,,,,,,,,,,,,,
406,STB-2694,STB-2694,,,,,,,,,,,,,,,
407,STB-2146,STB-2146,,,,,,,,,,,,,,,
408,STB-801,STB-801,,,,,,,,,,,,,,,
409,STB-2004,STB-2004,,,,,,,,,,,,,,,
410,STB-1659,STB-1659,,,,,,,,,,,,,,,
411,STB-755,STB-755,,,,,,,,,,,,,,,
412,STB-1987,STB-1987,,,,,,,,,,,,,,,
413,STB-1969,STB-1969,,,,,,,,,,,,,,,
414,STB-628,STB-628,,,,,,,,,,,,,,,
415,STB-695,STB-695,,,,,,,,,,,,,,,
416,STB-919,STB-919,,,,,,,,,,,,,,,
417,STB-500,STB-500,,,,,,,,,,,,,,,
418,STB-2037,STB-2037,,,,,,,,,,,,,,,
419,STB-2678,STB-2678,,,,,,,,,,,,,,,
420,STB-1476,STB-1476,,,,,,,,,,,,,,,
421,STB-435,STB-435,,,,,,,,,,,,,,,
422,STB-959,STB-959,,,,,,,,,,,,,,,
423,STB-1058,STB-1058,,,,,,,,,,,,,,,
424,STB-719,STB-719,,,,,,,,,,,,,,,
425,STB-1350,STB-1350,,,,,,,,,,,,,,,
426,STB-2239,STB-2239,,,,,,,,,,,,,,,
427,STB-283,STB-283,,,,,,,,,,,,,,,
428,STB-2585,STB-2585,,,,,,,,,,,,,,,
429,STB-2241,STB-2241,,,,,,,,,,,,,,,
430,STB-348,STB-348,,,,,,,,,,,,,,,
431,STB-1995,STB-1995,,,,,,,,,,,,,,,
432,STB-2595,STB-2595,,,,,,,,,,,,,,,
433,STB-458,STB-458,,,,,,,,,,,,,,,
434,STB-1743,STB-1743,,,,,,,,,,,,,,,
435,STB-743,STB-743,,,,,,,,,,,,,,,
436,STB-581,STB-581,,,,,,,,,,,,,,,
437,STB-2168,STB-2168,,,,,,,,,,,,,,,
438,STB-960,STB-960,,,,,,,,,,,,,,,
439,STB-515,STB-515,,,,,,,,,,,,,,,
440,STB-143,STB-143,,,,,,,,,,,,,,,
441,STB-951,STB-951,,,,,,,,,,,,,,,
442,STB-1433,STB-1433,,,,,,,,,,,,,,,
443,STB-1372,STB-1372,,,,,,,,,,,,,,,
444,STB-1848,STB-1848,,,,,,,,,,,,,,,
445,STB-292,STB-292,,,,,,,,,,,,,,,
446,STB-689,STB-689,,,,,,,,,,,,,,,
447,STB-1048,STB-1048,,,,,,,,,,,,,,,
448,STB-933,STB-933,,,,,,,,,,,,,,,
449,STB-600,STB-600,,,,,,,,,,,,,,,
450,STB-791,STB-791,,,,,,,,,,,,,,,
451,STB-384,STB-384,,,,,,,,,,,,,,,
452,STB-1577,STB-1577,,,,,,,,,,,,,,,
453,STB-232,STB-232,,,,,,,,,,,,,,,
454,STB-653,STB-653,,,,,,,,,,,,,,,
455,STB-1347,STB-1347,,,,,,,,,,,,,,,
456,STB-979,STB-979,,,,,,,,,,,,,,,
457,STB-1100,STB-1100,,,,,,,,,,,,,,,
458,STB-794,STB-794,,,,,,,,,,,,,,,
459,STB-448,STB-448,,,,,,,,,,,,,,,
460,STB-744,STB-744,,,,,,,,,,,,,,,
461,STB-1190,STB-1190,,,,,,,,,,,,,,,
462,STB-1462,STB-1462,,,,,,,,,,,,,,,
463,STB-2287,STB-2287,,,,,,,,,,,,,,,
464,STB-1414,STB-1414,,,,,,,,,,,,,,,
465,STB-1537,STB-1537,,,,,,,,,,,,,,,
466,STB-371,STB-371,,,,,,,,,,,,,,,
467,STB-580,STB-580,,,,,,,,,,,,,,,
468,STB-2155,STB-2155,,,,,,,,,,,,,,,
469,STB-927,STB-927,,,,,,,,,,,,,,,
470,STB-395,STB-395,,,,,,,,,,,,,,,
471,STB-2691,STB-2691,,,,,,,,,,,,,,,
472,STB-938,STB-938,,,,,,,,,,,,,,,
473,STB-2777,STB-2777,,,,,,,,,,,,,,,
474,STB1532,STB1532,,,,,,,,,,,,,,,
475,STB-2808,STB-2808,,,,,,,,,,,,,,,
476,STB-681,STB-681,,,,,,,,,,,,,,,
477,STB-2414,STB-2414,,,,,,,,,,,,,,,
478,STB-2318,STB-2318,,,,,,,,,,,,,,,
479,STB-1438,STB-1438,,,,,,,,,,,,,,,
480,STB-1481,STB-1481,,,,,,,,,,,,,,,
481,STB-2229,STB-2229,,,,,,,,,,,,,,,
482,STB-1050,STB-1050,,,,,,,,,,,,,,,
483,STB-173,STB-173,,,,,,,,,,,,,,,
484,STB-2669,STB-2669,,,,,,,,,,,,,,,
485,STB-2423,STB-2423,,,,,,,,,,,,,,,
486,STB-2513,STB-2513,,,,,,,,,,,,,,,
487,STB-177,STB-177,,,,,,,,,,,,,,,
488,STB-2770,STB-2770,,,,,,,,,,,,,,,
489,STB-1301,STB-1301,,,,,,,,,,,,,,,
490,STB-2567,STB-2567,,,,,,,,,,,,,,,
491,STB-1001,STB-1001,,,,,,,,,,,,,,,
492,STB-1406,STB-1406,,,,,,,,,,,,,,,
493,STB-327,STB-327,,,,,,,,,,,,,,,
494,STB-1257,STB-1257,,,,,,,,,,,,,,,
495,STB-2018,STB-2018,,,,,,,,,,,,,,,
496,STB-564,STB-564,,,,,,,,,,,,,,,
497,STB-2572,STB-2572,,,,,,,,,,,,,,,
498,STB-1652,STB-1652,,,,,,,,,,,,,,,
499,STB-447,STB-447,,,,,,,,,,,,,,,
500,STB-868,STB-868,,,,,,,,,,,,,,,
501,STB-2060,STB-2060,,,,,,,,,,,,,,,
502,STB-925,STB-925,,,,,,,,,,,,,,,
503,STB-380,STB-380,,,,,,,,,,,,,,,
504,STB-2817,STB-2817,,,,,,,,,,,,,,,
505,STB-700,STB-700,,,,,,,,,,,,,,,
506,STB-365,STB-365,,,,,,,,,,,,,,,
507,STB-550,STB-550,,,,,,,,,,,,,,,
508,STB-2596,STB-2596,,,,,,,,,,,,,,,
509,STB-98,STB-98,,,,,,,,,,,,,,,
510,STB-1714,STB-1714,,,,,,,,,,,,,,,
511,STB-233,STB-233,,,,,,,,,,,,,,,
512,STB-1972,STB-1972,,,,,,,,,,,,,,,
513,STB-157,STB-157,,,,,,,,,,,,,,,
514,STB-1240,STB-1240,,,,,,,,,,,,,,,
515,STB-260,STB-260,,,,,,,,,,,,,,,
516,STB-1373,STB-1373,,,,,,,,,,,,,,,
517,STB-696,STB-696,,,,,,,,,,,,,,,
518,STB-2140,STB-2140,,,,,,,,,,,,,,,
519,STB-273,STB-273,,,,,,,,,,,,,,,
520,STB-980,STB-980,,,,,,,,,,,,,,,
521,STB-586,STB-586,,,,,,,,,,,,,,,
522,STB-2022,STB-2022,,,,,,,,,,,,,,,
523,STB-212,STB-212,,,,,,,,,,,,,,,
524,STB-1230,STB-1230,,,,,,,,,,,,,,,
525,STB-2690,STB-2690,,,,,,,,,,,,,,,
526,STB-223,STB-223,,,,,,,,,,,,,,,
527,STB-1938,STB-1938,,,,,,,,,,,,,,,
528,STB-986,STB-986,,,,,,,,,,,,,,,
529,STB-1478,STB-1478,,,,,,,,,,,,,,,
530,STB-1045,STB-1045,,,,,,,,,,,,,,,
531,STB-961,STB-961,,,,,,,,,,,,,,,
532,STB-977,STB-977,,,,,,,,,,,,,,,
533,STB-1275,STB-1275,,,,,,,,,,,,,,,
534,STB-1640,STB-1640,,,,,,,,,,,,,,,
535,STB-877,STB-877,,,,,,,,,,,,,,,
536,STB-2568,STB-2568,,,,,,,,,,,,,,,
537,STB-1125,STB-1125,,,,,,,,,,,,,,,
538,STB-1606,STB-1606,,,,,,,,,,,,,,,
539,STB-2170,STB-2170,,,,,,,,,,,,,,,
540,STB-1530,STB-1530,,,,,,,,,,,,,,,
541,STB-2656,STB-2656,,,,,,,,,,,,,,,
542,STB-2248,STB-2248,,,,,,,,,,,,,,,
543,STB-2413,STB-2413,,,,,,,,,,,,,,,
544,STB-1417,STB-1417,,,,,,,,,,,,,,,
545,STB-440,STB-440,,,,,,,,,,,,,,,
546,STB-1064,STB-1064,,,,,,,,,,,,,,,
547,STB-329,STB-329,,,,,,,,,,,,,,,
548,STB-439,STB-439,,,,,,,,,,,,,,,
549,STB-1485,STB-1485,,,,,,,,,,,,,,,
550,STB-593,STB-593,,,,,,,,,,,,,,,
551,STB-477,STB-477,,,,,,,,,,,,,,,
552,STB1303,STB1303,,,,,,,,,,,,,,,
553,STB-2756,STB-2756,,,,,,,,,,,,,,,
554,STB-178,STB-178,,,,,,,,,,,,,,,
555,STB-1229,STB-1229,,,,,,,,,,,,,,,
556,STB-1123,STB-1123,,,,,,,,,,,,,,,
557,STB-2090,STB-2090,,,,,,,,,,,,,,,
558,STB-2578,STB-2578,,,,,,,,,,,,,,,
559,STB-1646,STB-1646,,,,,,,,,,,,,,,
560,STB-1317,STB-1317,,,,,,,,,,,,,,,
561,STB-915,STB-915,,,,,,,,,,,,,,,
562,STB-1474,STB-1474,,,,,,,,,,,,,,,
563,STB-2169,STB-2169,,,,,,,,,,,,,,,
564,STB-1811,STB-1811,,,,,,,,,,,,,,,
565,STB-164,STB-164,,,,,,,,,,,,,,,
566,STB-106,STB-106,,,,,,,,,,,,,,,
567,STB-202,STB-202,,,,,,,,,,,,,,,
568,STB-1344,STB-1344,,,,,,,,,,,,,,,
569,STB-1174,STB-1174,,,,,,,,,,,,,,,
570,STB-1211,STB-1211,,,,,,,,,,,,,,,
571,STB-1361,STB-1361,,,,,,,,,,,,,,,
572,STB-684,STB-684,,,,,,,,,,,,,,,
573,STB-90,STB-90,,,,,,,,,,,,,,,
574,STB-1634,STB-1634,,,,,,,,,,,,,,,
575,STB-1029,STB-1029,,,,,,,,,,,,,,,
576,STB-243,STB-243,,,,,,,,,,,,,,,
577,STB-494,STB-494,,,,,,,,,,,,,,,
578,STB-211,STB-211,,,,,,,,,,,,,,,
579,STB-478,STB-478,,,,,,,,,,,,,,,
580,STB-2570,STB-2570,,,,,,,,,,,,,,,
581,STB-2798,STB-2798,,,,,,,,,,,,,,,
582,STB-2628,STB-2628,,,,,,,,,,,,,,,
583,STB-2326,STB-2326,,,,,,,,,,,,,,,
584,STB-708,STB-708,,,,,,,,,,,,,,,
585,STB-1962,STB-1962,,,,,,,,,,,,,,,
586,STB-1822,STB-1822,,,,,,,,,,,,,,,
587,STB-242,STB-242,,,,,,,,,,,,,,,
588,STB-1441,STB-1441,,,,,,,,,,,,,,,
589,STB-146,STB-146,,,,,,,,,,,,,,,
590,STB-190,STB-190,,,,,,,,,,,,,,,
591,STB-419,STB-419,,,,,,,,,,,,,,,
592,STB-2243,STB-2243,,,,,,,,,,,,,,,
593,STB-235,STB-235,,,,,,,,,,,,,,,
594,STB-306,STB-306,,,,,,,,,,,,,,,
595,STB-332,STB-332,,,,,,,,,,,,,,,
596,STB-538,STB-538,,,,,,,,,,,,,,,
597,STB-548,STB-548,,,,,,,,,,,,,,,
598,STB-1651,STB-1651,,,,,,,,,,,,,,,
599,STB-1523,STB-1523,,,,,,,,,,,,,,,
600,STB-1429,STB-1429,,,,,,,,,,,,,,,
601,STB-2739,STB-2739,,,,,,,,,,,,,,,
602,STB-314,STB-314,,,,,,,,,,,,,,,
603,STB-1625,STB-1625,,,,,,,,,,,,,,,
604,STB-2280,STB-2280,,,,,,,,,,,,,,,
605,STB-2333,STB-2333,,,,,,,,,,,,,,,
606,STB-262,STB-262,,,,,,,,,,,,,,,
607,STB-1657,STB-1657,,,,,,,,,,,,,,,
608,STB-196,STB-196,,,,,,,,,,,,,,,
609,STB-2258,STB-2258,,,,,,,,,,,,,,,
610,STB-952,STB-952,,,,,,,,,,,,,,,
611,STB-1572,STB-1572,,,,,,,,,,,,,,,
612,STB-414,STB-414,,,,,,,,,,,,,,,
613,STB-1454,STB-1454,,,,,,,,,,,,,,,
614,STB-259,STB-259,,,,,,,,,,,,,,,
615,STB-97,STB-97,,,,,,,,,,,,,,,
616,STB-1913,STB-1913,,,,,,,,,,,,,,,
617,STB-2078,STB-2078,,,,,,,,,,,,,,,
618,STB-1507,STB-1507,,,,,,,,,,,,,,,
619,STB-320,STB-320,,,,,,,,,,,,,,,
620,STB-1135,STB-1135,,,,,,,,,,,,,,,
621,STB-270,STB-270,,,,,,,,,,,,,,,
622,STB-1379,STB-1379,,,,,,,,,,,,,,,
623,STB-239,STB-239,,,,,,,,,,,,,,,
624,STB-813,STB-813,,,,,,,,,,,,,,,
625,STB-1477,STB-1477,,,,,,,,,,,,,,,
626,STB-335,STB-335,,,,,,,,,,,,,,,
627,STB-2840,STB-2840,,,,,,,,,,,,,,,
628,STB-631,STB-631,,,,,,,,,,,,,,,
629,STB-531,STB-531,,,,,,,,,,,,,,,
630,STB-2729,STB-2729,,,,,,,,,,,,,,,
631,STB-1840,STB-1840,,,,,,,,,,,,,,,
632,STB-842,STB-842,,,,,,,,,,,,,,,
633,STB-2658,STB-2658,,,,,,,,,,,,,,,
634,STB-2097,STB-2097,,,,,,,,,,,,,,,
635,STB-645,STB-645,,,,,,,,,,,,,,,
636,STB-2571,STB-2571,,,,,,,,,,,,,,,
637,STB-166,STB-166,,,,,,,,,,,,,,,
638,STB-1921,STB-1921,,,,,,,,,,,,,,,
639,STB-2374,STB-2374,,,,,,,,,,,,,,,
640,STB-727,STB-727,,,,,,,,,,,,,,,
641,STB-1203,STB-1203,,,,,,,,,,,,,,,
642,STB-1718,STB-1718,,,,,,,,,,,,,,,
643,STB-238,STB-238,,,,,,,,,,,,,,,
644,STB-96,STB-96,,,,,,,,,,,,,,,
645,STB-2718,STB-2718,,,,,,,,,,,,,,,
646,STB-367,STB-367,,,,,,,,,,,,,,,
647,STB-207,STB-207,,,,,,,,,,,,,,,
648,STB-1309,STB-1309,,,,,,,,,,,,,,,
649,STB-1781,STB-1781,,,,,,,,,,,,,,,
650,STB-264,STB-264,,,,,,,,,,,,,,,
651,STB-2551,STB-2551,,,,,,,,,,,,,,,
652,STB-291,STB-291,,,,,,,,,,,,,,,
653,STB-352,STB-352,,,,,,,,,,,,,,,
654,STB-1418,STB-1418,,,,,,,,,,,,,,,
655,STB-340,STB-340,,,,,,,,,,,,,,,
656,STB-210,STB-210,,,,,,,,,,,,,,,
657,STB-704,STB-704,,,,,,,,,,,,,,,
658,STB-2810,STB-2810,,,,,,,,,,,,,,,
659,STB-429,STB-429,,,,,,,,,,,,,,,
660,STB-629,STB-629,,,,,,,,,,,,,,,
661,STB-759,STB-759,,,,,,,,,,,,,,,
662,STB-706,STB-706,,,,,,,,,,,,,,,
663,STB-673,STB-673,,,,,,,,,,,,,,,
664,STB-470,STB-470,,,,,,,,,,,,,,,
665,STB-1471,STB-1471,,,,,,,,,,,,,,,
666,STB-92,STB-92,,,,,,,,,,,,,,,
667,STB-1833,STB-1833,,,,,,,,,,,,,,,
668,STB-1780,STB-1780,,,,,,,,,,,,,,,
669,STB-2167,STB-2167,,,,,,,,,,,,,,,
670,STB-1227,STB-1227,,,,,,,,,,,,,,,
671,STB-1343,STB-1343,,,,,,,,,,,,,,,
672,STB-255,STB-255,,,,,,,,,,,,,,,
673,STB-1888,STB-1888,,,,,,,,,,,,,,,
674,STB-2815,STB-2815,,,,,,,,,,,,,,,
675,STB-1600,STB-1600,,,,,,,,,,,,,,,
676,STB-308,STB-308,,,,,,,,,,,,,,,
677,STB-2304,STB-2304,,,,,,,,,,,,,,,
678,STB-1889,STB-1889,,,,,,,,,,,,,,,
679,STB-258,STB-258,,,,,,,,,,,,,,,
680,STB-1569,STB-1569,,,,,,,,,,,,,,,
681,STB-614,STB-614,,,,,,,,,,,,,,,
682,STB-149,STB-149,,,,,,,,,,,,,,,
683,STB-1085,STB-1085,,,,,,,,,,,,,,,
684,STB-1707,STB-1707,,,,,,,,,,,,,,,
685,STB-1778,STB-1778,,,,,,,,,,,,,,,
686,STB-1610,STB-1610,,,,,,,,,,,,,,,
687,STB1790,STB1790,,,,,,,,,,,,,,,
688,STB-2561,STB-2561,,,,,,,,,,,,,,,
689,STB-556,STB-556,,,,,,,,,,,,,,,
690,STB-2826,STB-2826,,,,,,,,,,,,,,,
691,STB-2068,STB-2068,,,,,,,,,,,,,,,
692,STB-2439,STB-2439,,,,,,,,,,,,,,,
693,STB-1013,STB-1013,,,,,,,,,,,,,,,
694,STB-1283,STB-1283,,,,,,,,,,,,,,,
695,STB-1023,STB-1023,,,,,,,,,,,,,,,
696,STB-1720,STB-1720,,,,,,,,,,,,,,,
697,STB-417,STB-417,,,,,,,,,,,,,,,
698,STB-666,STB-666,,,,,,,,,,,,,,,
699,STB-377,STB-377,,,,,,,,,,,,,,,
700,STB-158,STB-158,,,,,,,,,,,,,,,
701,STB-715,STB-715,,,,,,,,,,,,,,,
702,STB-668,STB-668,,,,,,,,,,,,,,,
703,STB-2069,STB-2069,,,,,,,,,,,,,,,
704,STB-2074,STB-2074,,,,,,,,,,,,,,,
705,STB-319,STB-319,,,,,,,,,,,,,,,
706,STB-103,STB-103,,,,,,,,,,,,,,,
707,STB-1090,STB-1090,,,,,,,,,,,,,,,
708,STB-1984,STB-1984,,,,,,,,,,,,,,,
709,STB-1836,STB-1836,,,,,,,,,,,,,,,
710,STB-1535,STB-1535,,,,,,,,,,,,,,,
711,STB-206,STB-206,,,,,,,,,,,,,,,
712,STB-756,STB-756,,,,,,,,,,,,,,,
713,STB-107,STB-107,,,,,,,,,,,,,,,
714,STB-2052,STB-2052,,,,,,,,,,,,,,,
715,STB-1448,STB-1448,,,,,,,,,,,,,,,
716,STB-2643,STB-2643,,,,,,,,,,,,,,,
717,STB-171,STB-171,,,,,,,,,,,,,,,
718,STB-325,STB-325,,,,,,,,,,,,,,,
719,STB-1713,STB-1713,,,,,,,,,,,,,,,
720,STB-1312,STB-1312,,,,,,,,,,,,,,,
721,STB-575,STB-575,,,,,,,,,,,,,,,
722,STB-493,STB-493,,,,,,,,,,,,,,,
723,STB-1582,STB-1582,,,,,,,,,,,,,,,
724,STB-1335,STB-1335,,,,,,,,,,,,,,,
725,STB-1702,STB-1702,,,,,,,,,,,,,,,
726,STB-1158,STB-1158,,,,,,,,,,,,,,,
727,STB-1047,STB-1047,,,,,,,,,,,,,,,
728,STB-1630,STB-1630,,,,,,,,,,,,,,,
729,STB-726,STB-726,,,,,,,,,,,,,,,
730,STB-290,STB-290,,,,,,,,,,,,,,,
731,STB-1719,STB-1719,,,,,,,,,,,,,,,
732,STB-787,STB-787,,,,,,,,,,,,,,,
733,STB-269,STB-269,,,,,,,,,,,,,,,
734,STB-1564,STB-1564,,,,,,,,,,,,,,,
735,STB-1565,STB-1565,,,,,,,,,,,,,,,
736,STB-2312,STB-2312,,,,,,,,,,,,,,,
737,STB-536,STB-536,,,,,,,,,,,,,,,
738,STB-476,STB-476,,,,,,,,,,,,,,,
739,STB-822,STB-822,,,,,,,,,,,,,,,
740,STB-1989,STB-1989,,,,,,,,,,,,,,,
741,STB-237,STB-237,,,,,,,,,,,,,,,
742,STB-1377,STB-1377,,,,,,,,,,,,,,,
743,STB-2108,STB-2108,,,,,,,,,,,,,,,
744,STB-856,STB-856,,,,,,,,,,,,,,,
745,STB-642,STB-642,,,,,,,,,,,,,,,
746,STB-1102,STB-1102,,,,,,,,,,,,,,,
747,STB-1541,STB-1541,,,,,,,,,,,,,,,
748,STB-219,STB-219,,,,,,,,,,,,,,,
749,STB-1075,STB-1075,,,,,,,,,,,,,,,
750,STB-1430,STB-1430,,,,,,,,,,,,,,,
751,STB-866,STB-866,,,,,,,,,,,,,,,
752,STB-545,STB-545,,,,,,,,,,,,,,,
753,STB-807,STB-807,,,,,,,,,,,,,,,
754,STB-2185,STB-2185,,,,,,,,,,,,,,,
755,STB-2253,STB-2253,,,,,,,,,,,,,,,
756,STB-1012,STB-1012,,,,,,,,,,,,,,,
757,STB-169,STB-169,,,,,,,,,,,,,,,
758,STB-310,STB-310,,,,,,,,,,,,,,,
759,STB-789,STB-789,,,,,,,,,,,,,,,
760,STB-1424,STB-1424,,,,,,,,,,,,,,,
761,STB-2523,STB-2523,,,,,,,,,,,,,,,
762,STB-2710,STB-2710,,,,,,,,,,,,,,,
763,STB-1168,STB-1168,,,,,,,,,,,,,,,
764,STB-2665,STB-2665,,,,,,,,,,,,,,,
765,STB-1903,STB-1903,,,,,,,,,,,,,,,
766,STB-489,STB-489,,,,,,,,,,,,,,,
767,STB-928,STB-928,,,,,,,,,,,,,,,
768,STB-1620,STB-1620,,,,,,,,,,,,,,,
769,STB-1248,STB-1248,,,,,,,,,,,,,,,
770,STB-315,STB-315,,,,,,,,,,,,,,,
771,STB-897,STB-897,,,,,,,,,,,,,,,
772,STB-1497,STB-1497,,,,,,,,,,,,,,,
773,STB-165,STB-165,,,,,,,,,,,,,,,
774,STB-468,STB-468,,,,,,,,,,,,,,,
775,STB-968,STB-968,,,,,,,,,,,,,,,
776,STB-102,STB-102,,,,,,,,,,,,,,,
777,STB-680,STB-680,,,,,,,,,,,,,,,
778,STB-2443,STB-2443,,,,,,,,,,,,,,,
779,STB-1194,STB-1194,,,,,,,,,,,,,,,
780,STB-1554,STB-1554,,,,,,,,,,,,,,,
781,STB-1423,STB-1423,,,,,,,,,,,,,,,
782,STB-126,STB-126,,,,,,,,,,,,,,,
783,STB-2676,STB-2676,,,,,,,,,,,,,,,
784,STB-657,STB-657,,,,,,,,,,,,,,,
785,STB-137,STB-137,,,,,,,,,,,,,,,
786,STB-324,STB-324,,,,,,,,,,,,,,,
787,STB-1451,STB-1451,,,,,,,,,,,,,,,
788,STB-805,STB-805,,,,,,,,,,,,,,,
789,STB-1187,STB-1187,,,,,,,,,,,,,,,
790,STB-1926,STB-1926,,,,,,,,,,,,,,,
791,STB-1982,STB-1982,,,,,,,,,,,,,,,
792,STB-1178,STB-1178,,,,,,,,,,,,,,,
793,STB-1636,STB-1636,,,,,,,,,,,,,,,
794,STB-2202,STB-2202,,,,,,,,,,,,,,,
795,STB-208,STB-208,,,,,,,,,,,,,,,
796,STB-1824,STB-1824,,,,,,,,,,,,,,,
797,STB-1570,STB-1570,,,,,,,,,,,,,,,
798,STB-271,STB-271,,,,,,,,,,,,,,,
799,STB-2104,STB-2104,,,,,,,,,,,,,,,
800,STB-776,STB-776,,,,,,,,,,,,,,,
801,STB-1932,STB-1932,,,,,,,,,,,,,,,
802,STB-201,STB-201,,,,,,,,,,,,,,,
803,STB-2010,STB-2010,,,,,,,,,,,,,,,
804,STB-2113,STB-2113,,,,,,,,,,,,,,,
805,STB-899,STB-899,,,,,,,,,,,,,,,
806,STB-1898,STB-1898,,,,,,,,,,,,,,,
807,STB-1118,STB-1118,,,,,,,,,,,,,,,
808,STB-2410,STB-2410,,,,,,,,,,,,,,,
809,STB-272,STB-272,,,,,,,,,,,,,,,
810,STB-1820,STB-1820,,,,,,,,,,,,,,,
811,STB-180,STB-180,,,,,,,,,,,,,,,
812,STB-108,STB-108,,,,,,,,,,,,,,,
813,STB-772,STB-772,,,,,,,,,,,,,,,
814,STB-2650,STB-2650,,,,,,,,,,,,,,,
815,STB-1584,STB-1584,,,,,,,,,,,,,,,
816,STB-1944,STB-1944,,,,,,,,,,,,,,,
817,STB-664,STB-664,,,,,,,,,,,,,,,
818,STB-2761,STB-2761,,,,,,,,,,,,,,,
819,STB-1498,STB-1498,,,,,,,,,,,,,,,
820,STB-189,STB-189,,,,,,,,,,,,,,,
821,STB-1447,STB-1447,,,,,,,,,,,,,,,
822,STB-214,STB-214,,,,,,,,,,,,,,,
823,STB-1928,STB-1928,,,,,,,,,,,,,,,
824,STB-1392,STB-1392,,,,,,,,,,,,,,,
825,STB-939,STB-939,,,,,,,,,,,,,,,
826,STB-879,STB-879,,,,,,,,,,,,,,,
827,STB-95,STB-95,,,,,,,,,,,,,,,
828,STB-412,STB-412,,,,,,,,,,,,,,,
829,STB-1624,STB-1624,,,,,,,,,,,,,,,
830,STB-596,STB-596,,,,,,,,,,,,,,,
831,STB-2002,STB-2002,,,,,,,,,,,,,,,
832,STB-739,STB-739,,,,,,,,,,,,,,,
833,STB-1509,STB-1509,,,,,,,,,,,,,,,
834,STB-1250,STB-1250,,,,,,,,,,,,,,,
835,STB-974,STB-974,,,,,,,,,,,,,,,
836,STB-343,STB-343,,,,,,,,,,,,,,,
837,STB-2806,STB-2806,,,,,,,,,,,,,,,
838,STB-293,STB-293,,,,,,,,,,,,,,,
839,STB-128,STB-128,,,,,,,,,,,,,,,
840,STB-1970,STB-1970,,,,,,,,,,,,,,,
841,STB-1511,STB-1511,,,,,,,,,,,,,,,
842,STB-2768,STB-2768,,,,,,,,,,,,,,,
843,STB-782,STB-782,,,,,,,,,,,,,,,
844,STB-717,STB-717,,,,,,,,,,,,,,,
845,STB-2206,STB-2206,,,,,,,,,,,,,,,
846,STB-2435,STB-2435,,,,,,,,,,,,,,,
847,STB-2475,STB-2475,,,,,,,,,,,,,,,
848,STB-93,STB-93,,,,,,,,,,,,,,,
849,STB-542,STB-542,,,,,,,,,,,,,,,
850,STB-415,STB-415,,,,,,,,,,,,,,,
851,STB-1740,STB-1740,,,,,,,,,,,,,,,
852,STB-543,STB-543,,,,,,,,,,,,,,,
853,STB-882,STB-882,,,,,,,,,,,,,,,
854,STB-1466,STB-1466,,,,,,,,,,,,,,,
855,STB-257,STB-257,,,,,,,,,,,,,,,
856,STB-1591,STB-1591,,,,,,,,,,,,,,,
857,STB-1241,STB-1241,,,,,,,,,,,,,,,
858,STB-611,STB-611,,,,,,,,,,,,,,,
859,STB-138,STB-138,,,,,,,,,,,,,,,
860,STB-109,STB-109,,,,,,,,,,,,,,,
861,STB-834,STB-834,,,,,,,,,,,,,,,
862,STB-753,STB-753,,,,,,,,,,,,,,,
863,STB-1311,STB-1311,,,,,,,,,,,,,,,
864,STB-1782,STB-1782,,,,,,,,,,,,,,,
865,STB-1871,STB-1871,,,,,,,,,,,,,,,
866,STB-1280,STB-1280,,,,,,,,,,,,,,,
867,STB-1721,STB-1721,,,,,,,,,,,,,,,
868,STB-1760,STB-1760,,,,,,,,,,,,,,,
869,STB-2426,STB-2426,,,,,,,,,,,,,,,
870,STB-686,STB-686,,,,,,,,,,,,,,,
871,STB-1046,STB-1046,,,,,,,,,,,,,,,
872,STB-2145,STB-2145,,,,,,,,,,,,,,,
873,STB-1217,STB-1217,,,,,,,,,,,,,,,
874,STB-1517,STB-1517,,,,,,,,,,,,,,,
875,STB-2753,STB-2753,,,,,,,,,,,,,,,
876,STB-2789,STB-2789,,,,,,,,,,,,,,,
877,STB-553,STB-553,,,,,,,,,,,,,,,
878,STB-134,STB-134,,,,,,,,,,,,,,,
879,STB-2689,STB-2689,,,,,,,,,,,,,,,
880,STB-1958,STB-1958,,,,,,,,,,,,,,,
881,STB-1356,STB-1356,,,,,,,,,,,,,,,
882,STB-316,STB-316,,,,,,,,,,,,,,,
883,STB-423,STB-423,,,,,,,,,,,,,,,
884,STB-1798,STB-1798,,,,,,,,,,,,,,,
885,STB-216,STB-216,,,,,,,,,,,,,,,
886,STB-104,STB-104,,,,,,,,,,,,,,,
887,STB-301,STB-301,,,,,,,,,,,,,,,
888,STB-441,STB-441,,,,,,,,,,,,,,,
889,STB-512,STB-512,,,,,,,,,,,,,,,
890,STB-1196,STB-1196,,,,,,,,,,,,,,,
891,STB-2034,STB-2034,,,,,,,,,,,,,,,
892,STB-527,STB-527,,,,,,,,,,,,,,,
893,STB-2538,STB-2538,,,,,,,,,,,,,,,
894,STB-295,STB-295,,,,,,,,,,,,,,,
895,STB-1716,STB-1716,,,,,,,,,,,,,,,
896,STB-2664,STB-2664,,,,,,,,,,,,,,,
897,STB-1411,STB-1411,,,,,,,,,,,,,,,
898,STB-1779,STB-1779,,,,,,,,,,,,,,,
899,STB-688,STB-688,,,,,,,,,,,,,,,
900,STB-1270,STB-1270,,,,,,,,,,,,,,,
901,STB-848,STB-848,,,,,,,,,,,,,,,
902,STB-1980,STB-1980,,,,,,,,,,,,,,,
903,STB-1708,STB-1708,,,,,,,,,,,,,,,
904,STB-1722,STB-1722,,,,,,,,,,,,,,,
905,STB-589,STB-589,,,,,,,,,,,,,,,
906,STB-161,STB-161,,,,,,,,,,,,,,,
907,STB-643,STB-643,,,,,,,,,,,,,,,
908,STB-1747,STB-1747,,,,,,,,,,,,,,,
909,STB-1306,STB-1306,,,,,,,,,,,,,,,
910,STB-1331,STB-1331,,,,,,,,,,,,,,,
911,STB-401,STB-401,,,,,,,,,,,,,,,
912,STB-610,STB-610,,,,,,,,,,,,,,,
913,STB-1617,STB-1617,,,,,,,,,,,,,,,
914,STB-937,STB-937,,,,,,,,,,,,,,,
915,STB-1631,STB-1631,,,,,,,,,,,,,,,
916,STB-1581,STB-1581,,,,,,,,,,,,,,,
917,STB-230,STB-230,,,,,,,,,,,,,,,
918,STB-2198,STB-2198,,,,,,,,,,,,,,,
919,STB-110,STB-110,,,,,,,,,,,,,,,
920,STB-2730,STB-2730,,,,,,,,,,,,,,,
921,STB-2452,STB-2452,,,,,,,,,,,,,,,
922,STB-1505,STB-1505,,,,,,,,,,,,,,,
923,STB-2765,STB-2765,,,,,,,,,,,,,,,
924,STB-2122,STB-2122,,,,,,,,,,,,,,,
925,STB-1834,STB-1834,,,,,,,,,,,,,,,
926,STB-1480,STB-1480,,,,,,,,,,,,,,,
927,STB-2623,STB-2623,,,,,,,,,,,,,,,
928,STB-1534,STB-1534,,,,,,,,,,,,,,,
929,STB-130,STB-130,,,,,,,,,,,,,,,
930,STB-140,STB-140,,,,,,,,,,,,,,,
931,STB-267,STB-267,,,,,,,,,,,,,,,
932,STB-336,STB-336,,,,,,,,,,,,,,,
933,STB-1788,STB-1788,,,,,,,,,,,,,,,
934,STB-2455,STB-2455,,,,,,,,,,,,,,,
935,STB-1528,STB-1528,,,,,,,,,,,,,,,
936,STB-1198,STB-1198,,,,,,,,,,,,,,,
937,STB-2363,STB-2363,,,,,,,,,,,,,,,
938,STB-2760,STB-2760,,,,,,,,,,,,,,,
939,STB-2740,STB-2740,,,,,,,,,,,,,,,
940,STB-677,STB-677,,,,,,,,,,,,,,,
941,STB-1814,STB-1814,,,,,,,,,,,,,,,
942,STB-588,STB-588,,,,,,,,,,,,,,,
943,STB-2604,STB-2604,,,,,,,,,,,,,,,
944,STB-1771,STB-1771,,,,,,,,,,,,,,,
945,STB-1128,STB-1128,,,,,,,,,,,,,,,
946,STB-2035,STB-2035,,,,,,,,,,,,,,,
947,STB-2205,STB-2205,,,,,,,,,,,,,,,
948,STB-2773,STB-2773,,,,,,,,,,,,,,,
949,STB-1457,STB-1457,,,,,,,,,,,,,,,
950,STB-101,STB-101,,,,,,,,,,,,,,,
951,STB-240,STB-240,,,,,,,,,,,,,,,
952,STB-995,STB-995,,,,,,,,,,,,,,,
953,STB-1846,STB-1846,,,,,,,,,,,,,,,
954,STB-1948,STB-1948,,,,,,,,,,,,,,,
955,STB-339,STB-339,,,,,,,,,,,,,,,
956,STB-2188,STB-2188,,,,,,,,,,,,,,,
957,STB-565,STB-565,,,,,,,,,,,,,,,
958,STB-127,STB-127,,,,,,,,,,,,,,,
959,STB-1973,STB-1973,,,,,,,,,,,,,,,
960,STB-1543,STB-1543,,,,,,,,,,,,,,,
961,STB-2373,STB-2373,,,,,,,,,,,,,,,
962,STB-1014,STB-1014,,,,,,,,,,,,,,,
963,STB-2260,STB-2260,,,,,,,,,,,,,,,
964,STB-344,STB-344,,,,,,,,,,,,,,,
965,STB-305,STB-305,,,,,,,,,,,,,,,
966,STB-2702,STB-2702,,,,,,,,,,,,,,,
967,STB-573,STB-573,,,,,,,,,,,,,,,
968,STB-1175,STB-1175,,,,,,,,,,,,,,,
969,STB-1552,STB-1552,,,,,,,,,,,,,,,
970,STB-286,STB-286,,,,,,,,,,,,,,,
971,STB-1490,STB-1490,,,,,,,,,,,,,,,
972,STB-120,STB-120,,,,,,,,,,,,,,,
973,STB-2655,STB-2655,,,,,,,,,,,,,,,
974,STB-1243,STB-1243,,,,,,,,,,,,,,,
975,STB-256,STB-256,,,,,,,,,,,,,,,
976,STB-136,STB-136,,,,,,,,,,,,,,,
977,STB-1641,STB-1641,,,,,,,,,,,,,,,
978,STB-1919,STB-1919,,,,,,,,,,,,,,,
979,STB-1113,STB-1113,,,,,,,,,,,,,,,
980,STB-1450,STB-1450,,,,,,,,,,,,,,,
981,STB-1762,STB-1762,,,,,,,,,,,,,,,
982,STB-896,STB-896,,,,,,,,,,,,,,,
983,STB-1993,STB-1993,,,,,,,,,,,,,,,
984,STB-1169,STB-1169,,,,,,,,,,,,,,,
985,STB-2389,STB-2389,,,,,,,,,,,,,,,
986,STB-1452,STB-1452,,,,,,,,,,,,,,,
987,STB-111,STB-111,,,,,,,,,,,,,,,
988,STB-123,STB-123,,,,,,,,,,,,,,,
989,STB-184,STB-184,,,,,,,,,,,,,,,
990,STB-333,STB-333,,,,,,,,,,,,,,,
991,STB-185,STB-185,,,,,,,,,,,,,,,
992,STB-391,STB-391,,,,,,,,,,,,,,,
993,STB-112,STB-112,,,,,,,,,,,,,,,
994,STB-484,STB-484,,,,,,,,,,,,,,,
995,STB-221,STB-221,,,,,,,,,,,,,,,
996,STB-705,STB-705,,,,,,,,,,,,,,,
997,STB-535,STB-535,,,,,,,,,,,,,,,
998,STB-576,STB-576,,,,,,,,,,,,,,,
999,STB-113,STB-113,,,,,,,,,,,,,,,
1000,STB-241,STB-241,,,,,,,,,,,,,,,
1001,STB-116,STB-116,,,,,,,,,,,,,,,
1002,STB-1097,STB-1097,,,,,,,,,,,,,,,
1003,STB-135,STB-135,,,,,,,,,,,,,,,
1004,STB-220,STB-220,,,,,,,,,,,,,,,
1005,STB-160,STB-160,,,,,,,,,,,,,,,
1006,STB-382,STB-382,,,,,,,,,,,,,,,
1007,STB-114,STB-114,,,,,,,,,,,,,,,
1008,STB-175,STB-175,,,,,,,,,,,,,,,
1009,STB-383,STB-383,,,,,,,,,,,,,,,
1010,STB-1299,STB-1299,,,,,,,,,,,,,,,
1011,STB-424,STB-424,,,,,,,,,,,,,,,
1012,STB-674,STB-674,,,,,,,,,,,,,,,
1013,STB-117,STB-117,,,,,,,,,,,,,,,
1014,STB-303,STB-303,,,,,,,,,,,,,,,
1015,STB-298,STB-298,,,,,,,,,,,,,,,
1016,STB-119,STB-119,,,,,,,,,,,,,,,
1017,STB-304,STB-304,,,,,,,,,,,,,,,
1018,STB-152,STB-152,,,,,,,,,,,,,,,
1019,STB-349,STB-349,,,,,,,,,,,,,,,
1020,STB-403,STB-403,,,,,,,,,,,,,,,
1021,STB-252,STB-252,,,,,,,,,,,,,,,
1022,STB-311,STB-311,,,,,,,,,,,,,,,
1023,STB-154,STB-154,,,,,,,,,,,,,,,
1024,STB-620,STB-620,,,,,,,,,,,,,,,
1025,STB-250,STB-250,,,,,,,,,,,,,,,
1026,STB-176,STB-176,,,,,,,,,,,,,,,
1027,STB-124,STB-124,,,,,,,,,,,,,,,
1028,STB-194,STB-194,,,,,,,,,,,,,,,
1029,STB-375,STB-375,,,,,,,,,,,,,,,
1030,STB 788,STB-788,,,,,,,,,,,,,,,
1032,STB 919,STB-919,,,,,,,,,,,,,,,
1033,STB 164,STB-164,,,,,,,,,,,,,,,
1034,STB 1888,STB-1888,,,,,,,,,,,,,,,
1035,STB 2011,STB-2011,,,,,,,,,,,,,,,
1036,STB 1178,STB-1178,,,,,,,,,,,,,,,
1037,STB 543,STB-543,,,,,,,,,,,,,,,
1038,STB 1466,STB-1466,,,,,,,,,,,,,,,
1039,STB 136,STB-136,,,,,,,,,,,,,,,
1040,STB 582,STB-582,,,,,,,,,,,,,,,
1041,STB 1993,STB-1993,,,,,,,,,,,,,,,
1042,STB 185,STB-185,,,,,,,,,,,,,,,
1043,STB 160,STB-160,,,,,,,,,,,,,,,
1044,STB 383,STB-383,,,,,,,,,,,,,,,
1052,HT-108,HT-108,,,,,,,,,,,,,,,
1053,HT-116,HT-116,,,,,,,,,,,,,,,
1054,HT-111,HT-111,,,,,,,,,,,,,,,
1055,HT-112,HT-112,,,,,,,,,,,,,,,
1056,HT-106,HT-106,,,,,,,,,,,,,,,
1057,SHT-108,SHT-108,,,,,,,,,,,,,,,
1058,SHT-116,SHT-116,,,,,,,,,,,,,,,
1059,SHT-111,SHT-111,,,,,,,,,,,,,,,
1060,SHT-112,SHT-112,,,,,,,,,,,,,,,
1061,SHT-106,SHT-106,,,,,,,,,,,,,,,
1062,PT-2412,PT-2412,,,,,,,,,,,,,,,
1063,PT-860,PT-860,,,,,,,,,,,,,,,
1064,STB-2063,STB-2063,,,,,,,,,,,,,,,
1065,STB-2288,STB-2288,,,,,,,,,,,,,,,
1066,106ZIP,106ZIP,,,,,,,,,,,,,,,
1067,107ZIP,107ZIP,,,,,,,,,,,,,,,
1068,108ZIP,108ZIP,,,,,,,,,,,,,,,
1069,109ZIP,109ZIP,,,,,,,,,,,,,,,
1070,112ZIP,112ZIP,,,,,,,,,,,,,,,
1071,116ZIP,116ZIP,,,,,,,,,,,,,,,
1072,117ZIP,117ZIP,,,,,,,,,,,,,,,
1073,118ZIP,118ZIP,,,,,,,,,,,,,,,
1074,211ZIP,211ZIP,,,,,,,,,,,,,,,
1076,N-1,N-1,,,,,,,,,,,,,,,
1077,A-6,A-6,,,,,,,,,,,,,,,
1078,CC-A-8,CC-A-8,,,,,,,,,,,,,,,
1079,99-ID,99-ID,,,,,,,,,,,,,,,
1080,CC-288,CC-288,,,,,,,,,,,,,,,
1081,A-44,A-44,,,,,,,,,,,,,,,
1082,A-31,A-31,,,,,,,,,,,,,,,
1083,A-45,A-45,,,,,,,,,,,,,,,
1084,A-29,A-29,,,,,,,,,,,,,,,
1085,A-3,A-3,,,,,,,,,,,,,,,
1086,A-9,A-9,,,,,,,,,,,,,,,
1087,A-14,A-14,,,,,,,,,,,,,,,
1088,A-28,A-28,,,,,,,,,,,,,,,
1089,A-19,A-19,,,,,,,,,,,,,,,
1090,A-4,A-4,,,,,,,,,,,,,,,
1091,A-43,A-43,,,,,,,,,,,,,,,
1092,A-21,A-21,,,,,,,,,,,,,,,
1093,A-20,A-20,,,,,,,,,,,,,,,
1094,A-12,A-12,,,,,,,,,,,,,,,
1095,A-23,A-23,,,,,,,,,,,,,,,
1096,A-10,A-10,,,,,,,,,,,,,,,
1097,A-22,A-22,,,,,,,,,,,,,,,
1098,A-27,A-27,,,,,,,,,,,,,,,
1099,A-8,A-8,,,,,,,,,,,,,,,
1100,A-7,A-7,,,,,,,,,,,,,,,
1101,A-30,A-30,,,,,,,,,,,,,,,
1102,A-39,A-39,,,,,,,,,,,,,,,
1103,A-35,A-35,,,,,,,,,,,,,,,
1104,A-13,A-13,,,,,,,,,,,,,,,
1105,A-24,A-24,,,,,,,,,,,,,,,
1106,A-40,A-40,,,,,,,,,,,,,,,
1107,A-16,A-16,,,,,,,,,,,,,,,
1108,A-42,A-42,,,,,,,,,,,,,,,
1109,A-41,A-41,,,,,,,,,,,,,,,
1110,A-25,A-25,,,,,,,,,,,,,,,
1111,A-17,A-17,,,,,,,,,,,,,,,
1112,A-18,A-18,,,,,,,,,,,,,,,
1113,A-2,A-2,,,,,,,,,,,,,,,
1114,A-15,A-15,,,,,,,,,,,,,,,
1115,N-2,N-2,,,,,,,,,,,,,,,
1116,N-3,N-3,,,,,,,,,,,,,,,
1117,N-4,N-4,,,,,,,,,,,,,,,
1118,N-7,N-7,,,,,,,,,,,,,,,
1119,N-777,N-777,,,,,,,,,,,,,,,
1120,N-8,N-8,,,,,,,,,,,,,,,
1121,N-9,N-9,,,,,,,,,,,,,,,
1122,N-10,N-10,,,,,,,,,,,,,,,
1123,N-11,N-11,,,,,,,,,,,,,,,
1124,N-12,N-12,,,,,,,,,,,,,,,
1125,N-13,N-13,,,,,,,,,,,,,,,
1126,N-14,N-14,,,,,,,,,,,,,,,
1127,N-20,N-20,,,,,,,,,,,,,,,
1128,SN-1,SN-1,,,,,,,,,,,,,,,
1129,SN-2,SN-2,,,,,,,,,,,,,,,
1130,SN-3,SN-3,,,,,,,,,,,,,,,
1131,SN-4,SN-4,,,,,,,,,,,,,,,
1132,SN-7,SN-7,,,,,,,,,,,,,,,
1133,SN-777,SN-777,,,,,,,,,,,,,,,
1134,SN-8,SN-8,,,,,,,,,,,,,,,
1135,SN-9,SN-9,,,,,,,,,,,,,,,
1136,SN-10,SN-10,,,,,,,,,,,,,,,
1137,SN-11,SN-11,,,,,,,,,,,,,,,
1138,SN-12,SN-12,,,,,,,,,,,,,,,
1139,SN-13,SN-13,,,,,,,,,,,,,,,
1140,SN-14,SN-14,,,,,,,,,,,,,,,
1141,SN-20,SN-20,,,,,,,,,,,,,,,
1142,CC-A-7,CC-A-7,,,,,,,,,,,,,,,
1143,CC-A-9,CC-A-9,,,,,,,,,,,,,,,
1144,2507,2507,,,,,,,,,,,,,,,
1145,98-ID,98-ID,,,,,,,,,,,,,,,
1146,91-ID,91-ID,,,,,,,,,,,,,,,
1147,CC-259,CC-259,,,,,,,,,,,,,,,
1148,PC-30 Deluxe,PC-30 Deluxe,,,,,,,,,,,,,,,
1149,NF CPA FOLDER-PRINT-Ver11PR,Nicky's CPA Folder 11 PRINTED,,,,,,,,,,,,,,,
1150,Ver II 6 Pack,Nicky's® VER II 6PK,,,,,,,,,,,,,,,
1152,Ver II 12 Pack,Nicky's® VER II 12PK,,,,,,,,,,,,,,,
1153,Ver II 24 Pack,Nicky's® VER II 24 PK,,,,,,,,,,,,,,,
1154,Ver II 36 Pack,Nicky's® VER II 36 PK,,,,,,,,,,,,,,,
1155,Ver II 48 Pack,Nicky's® VER II 48 PK,,,,,,,,,,,,,,,
1156,Ver II 96 Pack,Nicky's® VER II 96 PK,,,,,,,,,,,,,,,
1157,English Com 6 Pack,Nicky's® English Com 6 Pack,,,,,,,,,,,,,,,
1158,English Com 12 Pack,Nicky's® English Com 12 Pack,,,,,,,,,,,,,,,
1160,English Com 24 Pack,Nicky's® English Com 24 Pack,,,,,,,,,,,,,,,
1161,English Com 36 Pack,Nicky's® English Com 36 Pack,,,,,,,,,,,,,,,
1162,English Com 48 Pack,Nicky's® English Com 48 Pack,,,,,,,,,,,,,,,
1163,English Com 96 Pack,Nicky's® English Com 96 Pack,,,,,,,,,,,,,,,
1164,Spanish Com 6 Pack,Nicky's® Spanish Com 6 Pack,,,,,,,,,,,,,,,
1165,Spanish Com 12 Pack,Nicky's® Spanish Com 12 Pack,,,,,,,,,,,,,,,
1166,Spanish Com 24 Pack,Nicky's® Spanish Com 24 Pack,,,,,,,,,,,,,,,
1167,Spanish Com 36 Pack,Nicky's® Spanish Com 36 Pack,,,,,,,,,,,,,,,
1168,Spanish Com 48 Pack,Nicky's® Spanish Com 48 Pack,,,,,,,,,,,,,,,
1169,Spanish Com 96 Pack,Nicky's® Spanish Com 96 Pack,,,,,,,,,,,,,,,
1170,Homework 6 Pack,Nicky's® Homework 6 Pack,,,,,,,,,,,,,,,
1171,Homework 12 Pack,Nicky's® Homework 12 Pack,,,,,,,,,,,,,,,
1172,Homework 24 Pack,Nicky's® Homework 24 Pack,,,,,,,,,,,,,,,
1173,Homework 36 Pack,Nicky's® Homework 36 Pack,,,,,,,,,,,,,,,
1174,Homework 48 Pack,Nicky's® Homework 48 Pack,,,,,,,,,,,,,,,
1175,Homework 96 Pack,Nicky's® Homework 96 Pack,,,,,,,,,,,,,,,
1176,Class Work 6 Pack,Nicky's® Class Work 6 Pack,,,,,,,,,,,,,,,
1177,Class Work 12 Pack,Nicky's® Class Work 12 Pack,,,,,,,,,,,,,,,
1178,Class Work 24 Pack,Nicky's® Class Work 24 Pack,,,,,,,,,,,,,,,
1179,Class Work 36 Pack,Nicky's® Class Work 36 Pack,,,,,,,,,,,,,,,
1180,Class Work 48 Pack,Nicky's® Class Work 48 Pack,,,,,,,,,,,,,,,
1181,Class Work 96 Pack,Nicky's® Class Work 96 Pack,,,,,,,,,,,,,,,
1182,10in1 CMB1 Packs,Color COMBO 1 Packs,,,,,,,,,,,,,,,
1183,10in1 CMB2 Packs,Color COMBO 2 Packs,,,,,,,,,,,,,,,
1184,10in1 CMB3 Packs,Color COMBO 3 Packs,,,,,,,,,,,,,,,
1185,10in1 CMB4 Packs,Color COMBO 4 Packs,,,,,,,,,,,,,,,
1186,#8004-3PK,4 Pocket Nicky's® 3 Pack,,,,,,,,,,,,,,,
1189,#8004-6PK,4 Pocket Nicky's® 6Pack,,,,,,,,,,,,,,,
1190,#8004-9PK,4 Pocket Nicky's® 9Pack,,,,,,,,,,,,,,,
1191,#8004-12PK,4 Pocket Nicky's® 12Pack,,,,,,,,,,,,,,,
1194,#8004-25PK,4 Pocket Nicky's® 25Pack,,,,,,,,,,,,,,,
1195,#8004-50PK,4 Pocket Nicky's® 50Pack,,,,,,,,,,,,,,,
1196,#8006-3PK,6 Pocket Nicky's® 3 Pack,,,,,,,,,,,,,,,
1197,#8006-6PK,6 Pocket Nicky's® 6Pack,,,,,,,,,,,,,,,
1198,#8006-9PK,6 Pocket Nicky's® 9Pack,,,,,,,,,,,,,,,
1199,#8006-12PK,6 Pocket Nicky's® 12Pack,,,,,,,,,,,,,,,
1200,#8006-25PK,6 Pocket Nicky's® 25Pack,,,,,,,,,,,,,,,
1201,#8006-50PK,6 Pocket Nicky's® 50Pack,,,,,,,,,,,,,,,
1202,#8008-3PK,8 Pocket Nicky's® 3 Pack,,,,,,,,,,,,,,,
1203,#8008-6PK,8 Pocket Nicky's® 6Pack,,,,,,,,,,,,,,,
1204,#8008-9PK,8 Pocket Nicky's® 9Pack,,,,,,,,,,,,,,,
1205,#8008-12PK,8 Pocket Nicky's® 12Pack,,,,,,,,,,,,,,,
1206,#8008-25PK,8 Pocket Nicky's® 25Pack,,,,,,,,,,,,,,,
1207,#8008-50PK,8 Pocket Nicky's® 50Pack,,,,,,,,,,,,,,,
1209,NF Penmanship,Nicky's® Penmanship Folders,,,,,,,,,,,,,,,
1210,1,Nicky's® Version II,,,,,,,,,,,,,,,
1215,2,Nicky's® 4 Pocket Folder,,,,,,,,,,,,,,,
1217,3,Nicky's® 8 Pocket Folder,,,,,,,,,,,,,,,
1227,29,Nicky's® MINI-WALLET,,,,,,,,,,,,,,,
1231,25,Nicky's® Legal Size Document Holder,,,,,,,,,,,,,,,
1232,24,Nicky's® Trading Card Holder 5Pack,,,,,,,,,,,,,,,
1234,23,Nicky's® 4 Pocket All Purpose Sleeve,,,,,,,,,,,,,,,
1236,22,Nicky's® 6 Pocket Folder,,,,,,,,,,,,,,,
1238,21,Nicky's® Lottery Ticket Holders,,,,,,,,,,,,,,,
1239,20,Insurance Holder INS-30,,,,,,,,,,,,,,,
1240,19,Insurance Holder FS-20,,,,,,,,,,,,,,,
1241,18,Nicky's® 10-1 Folder,,,,,,,,,,,,,,,
1242,17,Nicky's® File and Find,,,,,,,,,,,,,,,
1243,16,Nicky's® Passport Protector,,,,,,,,,,,,,,,
1244,15,Nicky's® 2 Pocket All- Purpose Sleeve,,,,,,,,,,,,,,,
1246,13,Nick's® 5 Pocket All-Purpose Sleeve,,,,,,,,,,,,,,,
1248,12,Nicky’s® Penmanship Folder,,,,,,,,,,,,,,,
1249,11,Nicky's® Communicator,,,,,,,,,,,,,,,
1250,10,Nicky’s® Spanish Communicator,,,,,,,,,,,,,,,
1251,9,Nicky's® Homework Folder,,,,,,,,,,,,,,,
1252,8,Nicky's® Classwork Folder,,,,,,,,,,,,,,,
1253,7,Nicky's® Reading Team Folder,,,,,,,,,,,,,,,
1254,6,Nicky's® Subject Folders,,,,,,,,,,,,,,,
1256,4,Nicky's® CPA Version 10,,,,,,,,,,,,,,,
1257,5,Nicky's® CPA Version 11,,,,,,,,,,,,,,,
1258,,Nicky's®Frame It 8x10,,,,,,,,,,,,,,,
1259,,Nicky's®Frame It 5x7,,,,,,,,,,,,,,,
1260,,Nicky's®Frame It 4x6,,,,,,,,,,,,,,,
1261,,Nicky's®Frame It 3x5,,,,,,,,,,,,,,,
1262,Ver 10 Tax Folder 6 Pack,Nicky's® Ver 10 Tax Folder 6 Pack,,,,,,,,,,,,,,,
1263,Ver 10 Tax Folder 12 Pack,Nicky's® Ver 10 Tax Folder 12 Pack,,,,,,,,,,,,,,,
1264,Ver 10 Tax Folder 24 Pack,Nicky's® Ver 10 Tax Folder 24 Pack,,,,,,,,,,,,,,,
1265,Ver 10 Tax Folder 36 Pack,Nicky's® Ver 10 Tax Folder 36 Pack,,,,,,,,,,,,,,,
1266,Ver 10 Tax Folder 48 Pack,Nicky's® Ver 10 Tax Folder 48 Pack,,,,,,,,,,,,,,,
1267,Ver 10 Tax Folder 96 Pack,Nicky's® Ver 10 Tax Folder 96 Pack,,,,,,,,,,,,,,,
1268,Ver 11 Tax Folder 6 Pack,Nicky's® Ver 11 Tax Folder 6 Pack,,,,,,,,,,,,,,,
1269,Ver 11 Tax Folder 12 Pack,Nicky's® Ver 11 Tax Folder 12 Pack,,,,,,,,,,,,,,,
1270,Ver 11 Tax Folder 24 Pack,Nicky's® Ver 11 Tax Folder 24 Pack,,,,,,,,,,,,,,,
1271,Ver 11 Tax Folder 36 Pack,Nicky's® Ver 11 Tax Folder 36 Pack,,,,,,,,,,,,,,,
1272,Ver 11 Tax Folder 48 Pack,Nicky's® Ver 11 Tax Folder 48 Pack,,,,,,,,,,,,,,,
1273,Ver 11 Tax Folder 96 Pack,Nicky's® Ver 11 Tax Folder 96 Pack,,,,,,,,,,,,,,,
1274,NF Tab Folders 8078,Nicky's® Tab File Folders,,,,,,,,,,,,,,,
1275,#8004-INS,4 Pocket Nicky's® Folder Insurance Booklets,,,,,,,,,,,,,,,
1276,#8006-INS,6 Pocket Nicky's® Folder Insurance Booklets,,,,,,,,,,,,,,,
1277,#8008-INS,8 Pocket Nicky's® Folder Insurance Booklets,,,,,,,,,,,,,,,
1278,Auto Insurance Form Holder FS-20-2000,FS-20-2000,,,,,,,,,,,,,,,
1279,,Katie's® Folders 50 Pcs Minimum Total ,,,,,,,,,,,,,,,